{"cameraMode":{"drawMode":0,"name":"Shaded","section":"Shading Mode"},"sceneLighting":true,"audioPlay":false,"sceneViewState":{"m_AlwaysRefresh":false,"showFog":true,"showSkybox":true,"showFlares":true,"showImageEffects":true,"showParticleSystems":true,"showVisualEffectGraphs":true,"m_FxEnabled":true},"in2DMode":false,"pivot":{"x":0.007601544260978699,"y":0.7929999828338623,"z":0.3017539083957672},"rotation":{"x":-0.3856569826602936,"y":-0.5086007714271545,"z":0.26863226294517519,"w":-0.7261466979980469},"size":0.3035932779312134,"orthographic":true}