{"cameraMode":{"drawMode":0,"name":"Shaded","section":"Shading Mode"},"sceneLighting":false,"audioPlay":false,"sceneViewState":{"m_AlwaysRefresh":false,"showFog":true,"showSkybox":false,"showFlares":true,"showImageEffects":true,"showParticleSystems":true,"showVisualEffectGraphs":true,"m_FxEnabled":true},"in2DMode":false,"pivot":{"x":-0.11162757873535156,"y":-0.00800000037997961,"z":0.009391307830810547},"rotation":{"x":-0.24706992506980897,"y":0.6537519097328186,"z":-0.23958590626716615,"w":-0.6740561127662659},"size":4.587672233581543,"orthographic":false}